processo,tipo_de_recurso,ministro_relator,orgao_julgador,data_do_julgamento,data_da_publicacao_fonte,tese_juridica,url_do_acordao,ementa,acordao
1958567,RESP,Ministro AFRÂNIO VILELA (1187),S1 - PRIMEIRA SEÇÃO,12/03/2025,07/04/2025,"""Na multa civil prevista na Lei 8.429/1992, a correção monetária e
os juros de mora devem incidir a partir da data do ato ímprobo, nos
termos das Súmulas 43 e 54/STJ"".Veja o Tema Repetitivo 1128",https://processo.stj.jus.br/SCON/GetInteiroTeorDoAcordao?num_registro=202102839297&dt_publicacao=07/04/2025,"ADMINISTRATIVO. PROCESSUAL CIVIL. RECURSO ESPECIAL REPRESENTATIVO DE CONTROVÉRSIA DE NATUREZA REPETITIVA. IMPROBIDADE ADMINISTRATIVA.MULTA CIVIL. TERMO INICIAL DA INCIDÊNCIA DOS JUROS DE MORA E DA CORREÇÃO MONETÁRIA. DATA DO ATO ÍMPROBO. SÚMULAS 48 E 54/STJ. RECURSOS ESPECIAIS CONHECIDOS E PROVIDOS.1. A controvérsia ora em apreciação, submetida ao rito dos recursos especiais repetitivos, restou assim delimitada: ""Definir o termo inicial dos juros e da correção monetária da multa civil prevista na Lei de Improbidade Administrativa, isto é, se devem ser contados a partir do trânsito em julgado, da data do evento danoso - nos termos das Súmulas 43 e 54/STJ -, ou de outro marco processual"".2. Nos termos do art. 12, I, II e III, da Lei 8.429/1992, a multa civil tem como base de cálculo o proveito econômico obtido, o dano causado ao erário ou o valor da remuneração percebida. Assim, em qualquer dos casos, o critério legal para a fixação da multa civil remete a um fator relacionado à data da efetivação do ato ímprobo.3. Ainda que o montante da multa civil somente venha a ser definido ao final da ação, a incidência de correção monetária apenas após a sua fixação ou do trânsito em julgado, resultaria em quantia desvinculada do proveito econômico obtido, do dano causado ao erário ou do valor da remuneração percebida pelo agente, critérios que remetem à data do ato ímprobo. Desta forma, é o caso de incidência da Súmula 43/STJ: ""Incide correção monetária sobre dívida por ato ilícito a partir da data do efetivo prejuízo"".4. As sanções e o ressarcimento do dano, previstos na Lei 8.429/1992, inserem-se no contexto da responsabilidade extracontratual por ato ilícito. E, em se tratando de responsabilidade extracontratual, aplicável o disposto no art. 398 do Código Civil (Nas obrigações provenientes de ato ilícito, considera-se o devedor em mora, desde que o praticou) e na Súmula 54/STJ (Os juros moratórios fluem a partir do evento danoso, em caso de responsabilidade extracontratual). Precedentes do STJ.5. Tese jurídica firmada: ""Na multa civil prevista na Lei 8.429/1992, a correção monetária e os juros de mora devem incidir a partir da data do ato ímprobo, nos termos das Súmulas 43 e 54/STJ"".6. Caso concreto: recursos especiais conhecidos e providos.8. Recursos julgados sob a sistemática dos recursos especiais representativos de controvérsia (art. 1.036 e seguintes do CPC/2015;e art. 256-N e seguintes do RISTJ).","Vistos e relatados estes autos em que são partes as acima indicadas, acordam os Ministros da Primeira Seção, por unanimidade, conhecer dos recursos especiais interpostos pelo Ministério Público do Estado do Paraná e por Jairo Morais Gianoto e dar-lhes provimento, nos termos do voto do Sr. Ministro Relator.Foi aprovada, por unanimidade, a seguinte tese repetitiva no tema 1128:Na multa civil prevista na Lei 8.429/1992, a correção monetária e os juros de mora devem incidir a partir da data do ato ímprobo, nos termos das Súmulas 43 e 54/STJ.Os Srs. Ministros Francisco Falcão, Maria Thereza de Assis Moura, Benedito Gonçalves, Marco Aurélio Bellizze (com ressalva de ponto de vista), Sérgio Kukina, Gurgel de Faria, Paulo Sérgio Domingues e Teodoro Silva Santos votaram com o Sr. Ministro Relator."
1942196,RESP,Ministro AFRÂNIO VILELA (1187),S1 - PRIMEIRA SEÇÃO,12/03/2025,07/04/2025,"""Na multa civil prevista na Lei 8.429/1992, a correção monetária e
os juros de mora devem incidir a partir da data do ato ímprobo, nos
termos das Súmulas 43 e 54/STJ"".Veja o Tema Repetitivo 1128",https://processo.stj.jus.br/SCON/GetInteiroTeorDoAcordao?num_registro=202101712500&dt_publicacao=07/04/2025,"ADMINISTRATIVO. PROCESSUAL CIVIL. RECURSO ESPECIAL REPRESENTATIVO DE CONTROVÉRSIA DE NATUREZA REPETITIVA. IMPROBIDADE ADMINISTRATIVA.MULTA CIVIL. TERMO INICIAL DA INCIDÊNCIA DOS JUROS DE MORA E DA CORREÇÃO MONETÁRIA. DATA DO ATO ÍMPROBO. SÚMULAS 48 E 54/STJ. RECURSO ESPECIAL CONHECIDO E PROVIDO.1. A controvérsia ora em apreciação, submetida ao rito dos recursos especiais repetitivos, restou assim delimitada: ""Definir o termo inicial dos juros e da correção monetária da multa civil prevista na Lei de Improbidade Administrativa, isto é, se devem ser contados a partir do trânsito em julgado, da data do evento danoso - nos termos das Súmulas 43 e 54/STJ -, ou de outro marco processual"".2. Nos termos do art. 12, I, II e III, da Lei 8.429/1992, a multa civil tem como base de cálculo o proveito econômico obtido, o dano causado ao erário ou o valor da remuneração percebida. Assim, em qualquer dos casos, o critério legal para a fixação da multa civil remete a um fator relacionado à data da efetivação do ato ímprobo.3. Ainda que o montante da multa civil somente venha a ser definido ao final da ação, a incidência de correção monetária apenas após a sua fixação ou do trânsito em julgado, resultaria em quantia desvinculada do proveito econômico obtido, do dano causado ao erário ou do valor da remuneração percebida pelo agente, critérios que remetem à data do ato ímprobo. Desta forma, é o caso de incidência da Súmula 43/STJ: ""Incide correção monetária sobre dívida por ato ilícito a partir da data do efetivo prejuízo"".4. As sanções e o ressarcimento do dano, previstos na Lei 8.429/1992, inserem-se no contexto da responsabilidade extracontratual por ato ilícito. E, em se tratando de responsabilidade extracontratual, aplicável o disposto no art. 398 do Código Civil (Nas obrigações provenientes de ato ilícito, considera-se o devedor em mora, desde que o praticou) e na Súmula 54/STJ (Os juros moratórios fluem a partir do evento danoso, em caso de responsabilidade extracontratual). Precedentes do STJ.5. Tese jurídica firmada: ""Na multa civil prevista na Lei 8.429/1992, a correção monetária e os juros de mora devem incidir a partir da data do ato ímprobo, nos termos das Súmulas 43 e 54/STJ"".6. Caso concreto: recurso especial conhecido e provido.8. Recurso julgado sob a sistemática dos recursos especiais representativos de controvérsia (art. 1.036 e seguintes do CPC/2015;e art. 256-N e seguintes do RISTJ).","Vistos e relatados estes autos em que são partes as acima indicadas, acordam os Ministros da Primeira Seção, por unanimidade, conhecer do recurso especial interposto pelo Ministério Público do Estado do Paraná e dar-lhe provimento, nos termos do voto do Sr. Ministro Relator.Foi aprovada, por unanimidade, a seguinte tese repetitiva no tema 1128:Na multa civil prevista na Lei 8.429/1992, a correção monetária e os juros de mora devem incidir a partir da data do ato ímprobo, nos termos das Súmulas 43 e 54/STJ.Os Srs. Ministros Francisco Falcão, Maria Thereza de Assis Moura, Benedito Gonçalves, Marco Aurélio Bellizze (com ressalva de ponto de vista), Sérgio Kukina, Gurgel de Faria, Paulo Sérgio Domingues e Teodoro Silva Santos votaram com o Sr. Ministro Relator."
1953046,RESP,Ministro AFRÂNIO VILELA (1187),S1 - PRIMEIRA SEÇÃO,12/03/2025,07/04/2025,"""Na multa civil prevista na Lei 8.429/1992, a correção monetária e
os juros de mora devem incidir a partir da data do ato ímprobo, nos
termos das Súmulas 43 e 54/STJ"".Veja o Tema Repetitivo 1128",https://processo.stj.jus.br/SCON/GetInteiroTeorDoAcordao?num_registro=202102409769&dt_publicacao=07/04/2025,"ADMINISTRATIVO. PROCESSUAL CIVIL. RECURSO ESPECIAL REPRESENTATIVO DE CONTROVÉRSIA DE NATUREZA REPETITIVA. IMPROBIDADE ADMINISTRATIVA.MULTA CIVIL. TERMO INICIAL DA INCIDÊNCIA DOS JUROS DE MORA E DA CORREÇÃO MONETÁRIA. DATA DO ATO ÍMPROBO. SÚMULAS 48 E 54/STJ. RECURSOS ESPECIAIS CONHECIDOS E PROVIDOS.1. A controvérsia ora em apreciação, submetida ao rito dos recursos especiais repetitivos, restou assim delimitada: ""Definir o termo inicial dos juros e da correção monetária da multa civil prevista na Lei de Improbidade Administrativa, isto é, se devem ser contados a partir do trânsito em julgado, da data do evento danoso - nos termos das Súmulas 43 e 54/STJ -, ou de outro marco processual"".2. Nos termos do art. 12, I, II e III, da Lei 8.429/1992, a multa civil tem como base de cálculo o proveito econômico obtido, o dano causado ao erário ou o valor da remuneração percebida. Assim, em qualquer dos casos, o critério legal para a fixação da multa civil remete a um fator relacionado à data da efetivação do ato ímprobo.3. Ainda que o montante da multa civil somente venha a ser definido ao final da ação, a incidência de correção monetária apenas após a sua fixação ou do trânsito em julgado, resultaria em quantia desvinculada do proveito econômico obtido, do dano causado ao erário ou do valor da remuneração percebida pelo agente, critérios que remetem à data do ato ímprobo. Desta forma, é o caso de incidência da Súmula 43/STJ: ""Incide correção monetária sobre dívida por ato ilícito a partir da data do efetivo prejuízo"".4. As sanções e o ressarcimento do dano, previstos na Lei 8.429/1992, inserem-se no contexto da responsabilidade extracontratual por ato ilícito. E, em se tratando de responsabilidade extracontratual, aplicável o disposto no art. 398 do Código Civil (Nas obrigações provenientes de ato ilícito, considera-se o devedor em mora, desde que o praticou) e na Súmula 54/STJ (Os juros moratórios fluem a partir do evento danoso, em caso de responsabilidade extracontratual). Precedentes do STJ.5. Tese jurídica firmada: ""Na multa civil prevista na Lei 8.429/1992, a correção monetária e os juros de mora devem incidir a partir da data do ato ímprobo, nos termos das Súmulas 43 e 54/STJ"".6. Caso concreto: recursos especiais conhecidos e providos.8. Recursos julgados sob a sistemática dos recursos especiais representativos de controvérsia (art. 1.036 e seguintes do CPC/2015;e art. 256-N e seguintes do RISTJ).","Vistos e relatados estes autos em que são partes as acima indicadas, acordam os Ministros da Primeira Seção, por unanimidade, conhecer dos recursos especiais interpostos pelo Estado do Paraná e pelo Ministério Público do Estado do Paraná e dar-lhes provimento, nos termos do voto do Sr. Ministro Relator.Foi aprovada, por unanimidade, a seguinte tese repetitiva no tema 1128:Na multa civil prevista na Lei 8.429/1992, a correção monetária e os juros de mora devem incidir a partir da data do ato ímprobo, nos termos das Súmulas 43 e 54/STJ.Os Srs. Ministros Francisco Falcão, Maria Thereza de Assis Moura, Benedito Gonçalves, Marco Aurélio Bellizze (com ressalva de ponto de vista), Sérgio Kukina, Gurgel de Faria, Paulo Sérgio Domingues e Teodoro Silva Santos votaram com o Sr. Ministro Relator."
1475646,EDAGRESP,Ministro FRANCISCO FALCÃO (1116),T2 - SEGUNDA TURMA,24/09/2025,29/09/2025,"EMBARGOS DE DECLARAÇÃO. MATÉRIA SUBMETIDA A JULGAMENTO UNIFORMIZADOR. DEVOLUÇÃO DOS AUTOS À ORIGEM. EMBARGOS DE DECLARAÇÃO ACOLHIDOS.I - Verifica-se que a matéria tratada nos autos foi admitida para julgamento de uniformização jurisprudencial - Temas n. 810/STF:""Validade da correção monetária e dos juros moratórios incidentes sobre as condenações impostas à Fazenda Pública, conforme previstos no art. 1º-F da Lei 9.494/1997, com a redação dada pela Lei 11.960/2009"" e Tema n. 905/STJ: ""1. Correção monetária: o art. 1º-F da Lei 9.494/97 (com redação dada pela Lei 11.960/2009), para fins de correção monetária, não é aplicável nas condenações judiciais impostas à Fazenda Pública, independentemente de sua natureza. 1.1 Impossibilidade de fixação apriorística da taxa de correção monetária. No presente julgamento, o estabelecimento de índices que devem ser aplicados a título de correção monetária não implica pré-fixação (ou fixação apriorística) de taxa de atualização monetária. Do contrário, a decisão baseia-se em índices que, atualmente, refletem a correção monetária ocorrida no período correspondente. Nesse contexto, em relação às situações futuras, a aplicação dos índices em comento, sobretudo o INPC e o IPCA-E, é legítima enquanto tais índices sejam capazes de captar o fenômeno inflacionário. 1.2 Não cabimento de modulação dos efeitos da decisão. A modulação dos efeitos da decisão que declarou inconstitucional a atualização monetária dos débitos da Fazenda Pública com base no índice oficial de remuneração da caderneta de poupança, no âmbito do Supremo Tribunal Federal, objetivou reconhecer a validade dos precatórios expedidos ou pagos até 25 de março de 2015, impedindo, desse modo, a rediscussão do débito baseada na aplicação de índices diversos. Assim, mostra-se descabida a modulação em relação aos casos em que não ocorreu expedição ou pagamento de precatório. 2. Juros de mora: o art. 1º-F da Lei 9.494/97 (com redação dada pela Lei 11.960/2009), na parte em que estabelece a incidência de juros de mora nos débitos da Fazenda Pública com base no índice oficial de remuneração da caderneta de poupança, aplica-se às condenações impostas à Fazenda Pública, excepcionadas as condenações oriundas de relação jurídico-tributária. 3. Índices aplicáveis a depender da natureza da condenação. 3.1 Condenações judiciais de natureza administrativa em geral. As condenações judiciais de natureza administrativa em geral, sujeitam-se aos seguintes encargos: (a) até dezembro/2002:juros de mora de 0,5% ao mês; correção monetária de acordo com os índices previstos no Manual de Cálculos da Justiça Federal, com destaque para a incidência do IPCA-E a partir de janeiro/2001; (b) no período posterior à vigência do CC/2002 e anterior à vigência da Lei 11.960/2009: juros de mora correspondentes à taxa Selic, vedada a cumulação com qualquer outro índice; (c) período posterior à vigência da Lei 11.960/2009: juros de mora segundo o índice de remuneração da caderneta de poupança; correção monetária com base no IPCA-E. 3.1.1 Condenações judiciais referentes a servidores e empregados públicos. As condenações judiciais referentes a servidores e empregados públicos, sujeitam-se aos seguintes encargos: (a) até julho/2001: juros de mora: 1% ao mês (capitalização simples); correção monetária: índices previstos no Manual de Cálculos da Justiça Federal, com destaque para a incidência do IPCA-E a partir de janeiro/2001; (b) agosto/2001 a junho/2009: juros de mora: 0,5% ao mês; correção monetária: IPCA-E;(c) a partir de julho/2009: juros de mora: remuneração oficial da caderneta de poupança; correção monetária: IPCA-E. 3.1.2 Condenações judiciais referentes a desapropriações diretas e indiretas. No âmbito das condenações judiciais referentes a desapropriações diretas e indiretas existem regras específicas, no que concerne aos juros moratórios e compensatórios, razão pela qual não se justifica a incidência do art. 1º-F da Lei 9.494/97 (com redação dada pela Lei 11.960/2009), nem para compensação da mora nem para remuneração do capital. 3.2 Condenações judiciais de natureza previdenciária. As condenações impostas à Fazenda Pública de natureza previdenciária sujeitam-se à incidência do INPC, para fins de correção monetária, no que se refere ao período posterior à vigência da Lei 11.430/2006, que incluiu o art. 41-A na Lei 8.213/91. Quanto aos juros de mora, incidem segundo a remuneração oficial da caderneta de poupança (art.1º-F da Lei 9.494/97, com redação dada pela Lei n. 11.960/2009).3.3 Condenações judiciais de natureza tributária. A correção monetária e a taxa de juros de mora incidentes na repetição de indébitos tributários devem corresponder às utilizadas na cobrança de tributo pago em atraso. Não havendo disposição legal específica, os juros de mora são calculados à taxa de 1% ao mês (art. 161, § 1º, do CTN). Observada a regra isonômica e havendo previsão na legislação da entidade tributante, é legítima a utilização da taxa Selic, sendo vedada sua cumulação com quaisquer outros índices. 4.Preservação da coisa julgada. Não obstante os índices estabelecidos para atualização monetária e compensação da mora, de acordo com a natureza da condenação imposta à Fazenda Pública, cumpre ressalvar eventual coisa julgada que tenha determinado a aplicação de índices diversos, cuja constitucionalidade/legalidade há de ser aferida no caso concreto"".II - Julgado o tema pela sistemática dos recursos repetitivos, esta Corte Superior orienta que os recursos que tratam da mesma controvérsia devem retornar ao Tribunal de origem para que este faça o juízo de conformação, nos termos do que dispõe o art. 34, XXIV, do RISTJ.III - Embargos acolhidos para tornar sem efeitos as decisões e votos proferidos nesta Corte e determinar a devolução dos autos ao Tribunal de origem, para que realize o juízo de conformação ou a manutenção do acórdão local frente ao decidido nos Temas 810/STF e 905/STJ.",https://processo.stj.jus.br/SCON/GetInteiroTeorDoAcordao?num_registro=201402122603&dt_publicacao=29/09/2025,"EMBARGOS DE DECLARAÇÃO. MATÉRIA SUBMETIDA A JULGAMENTO UNIFORMIZADOR. DEVOLUÇÃO DOS AUTOS À ORIGEM. EMBARGOS DE DECLARAÇÃO ACOLHIDOS.I - Verifica-se que a matéria tratada nos autos foi admitida para julgamento de uniformização jurisprudencial - Temas n. 810/STF:""Validade da correção monetária e dos juros moratórios incidentes sobre as condenações impostas à Fazenda Pública, conforme previstos no art. 1º-F da Lei 9.494/1997, com a redação dada pela Lei 11.960/2009"" e Tema n. 905/STJ: ""1. Correção monetária: o art. 1º-F da Lei 9.494/97 (com redação dada pela Lei 11.960/2009), para fins de correção monetária, não é aplicável nas condenações judiciais impostas à Fazenda Pública, independentemente de sua natureza. 1.1 Impossibilidade de fixação apriorística da taxa de correção monetária. No presente julgamento, o estabelecimento de índices que devem ser aplicados a título de correção monetária não implica pré-fixação (ou fixação apriorística) de taxa de atualização monetária. Do contrário, a decisão baseia-se em índices que, atualmente, refletem a correção monetária ocorrida no período correspondente. Nesse contexto, em relação às situações futuras, a aplicação dos índices em comento, sobretudo o INPC e o IPCA-E, é legítima enquanto tais índices sejam capazes de captar o fenômeno inflacionário. 1.2 Não cabimento de modulação dos efeitos da decisão. A modulação dos efeitos da decisão que declarou inconstitucional a atualização monetária dos débitos da Fazenda Pública com base no índice oficial de remuneração da caderneta de poupança, no âmbito do Supremo Tribunal Federal, objetivou reconhecer a validade dos precatórios expedidos ou pagos até 25 de março de 2015, impedindo, desse modo, a rediscussão do débito baseada na aplicação de índices diversos. Assim, mostra-se descabida a modulação em relação aos casos em que não ocorreu expedição ou pagamento de precatório. 2. Juros de mora: o art. 1º-F da Lei 9.494/97 (com redação dada pela Lei 11.960/2009), na parte em que estabelece a incidência de juros de mora nos débitos da Fazenda Pública com base no índice oficial de remuneração da caderneta de poupança, aplica-se às condenações impostas à Fazenda Pública, excepcionadas as condenações oriundas de relação jurídico-tributária. 3. Índices aplicáveis a depender da natureza da condenação. 3.1 Condenações judiciais de natureza administrativa em geral. As condenações judiciais de natureza administrativa em geral, sujeitam-se aos seguintes encargos: (a) até dezembro/2002:juros de mora de 0,5% ao mês; correção monetária de acordo com os índices previstos no Manual de Cálculos da Justiça Federal, com destaque para a incidência do IPCA-E a partir de janeiro/2001; (b) no período posterior à vigência do CC/2002 e anterior à vigência da Lei 11.960/2009: juros de mora correspondentes à taxa Selic, vedada a cumulação com qualquer outro índice; (c) período posterior à vigência da Lei 11.960/2009: juros de mora segundo o índice de remuneração da caderneta de poupança; correção monetária com base no IPCA-E. 3.1.1 Condenações judiciais referentes a servidores e empregados públicos. As condenações judiciais referentes a servidores e empregados públicos, sujeitam-se aos seguintes encargos: (a) até julho/2001: juros de mora: 1% ao mês (capitalização simples); correção monetária: índices previstos no Manual de Cálculos da Justiça Federal, com destaque para a incidência do IPCA-E a partir de janeiro/2001; (b) agosto/2001 a junho/2009: juros de mora: 0,5% ao mês; correção monetária: IPCA-E;(c) a partir de julho/2009: juros de mora: remuneração oficial da caderneta de poupança; correção monetária: IPCA-E. 3.1.2 Condenações judiciais referentes a desapropriações diretas e indiretas. No âmbito das condenações judiciais referentes a desapropriações diretas e indiretas existem regras específicas, no que concerne aos juros moratórios e compensatórios, razão pela qual não se justifica a incidência do art. 1º-F da Lei 9.494/97 (com redação dada pela Lei 11.960/2009), nem para compensação da mora nem para remuneração do capital. 3.2 Condenações judiciais de natureza previdenciária. As condenações impostas à Fazenda Pública de natureza previdenciária sujeitam-se à incidência do INPC, para fins de correção monetária, no que se refere ao período posterior à vigência da Lei 11.430/2006, que incluiu o art. 41-A na Lei 8.213/91. Quanto aos juros de mora, incidem segundo a remuneração oficial da caderneta de poupança (art.1º-F da Lei 9.494/97, com redação dada pela Lei n. 11.960/2009).3.3 Condenações judiciais de natureza tributária. A correção monetária e a taxa de juros de mora incidentes na repetição de indébitos tributários devem corresponder às utilizadas na cobrança de tributo pago em atraso. Não havendo disposição legal específica, os juros de mora são calculados à taxa de 1% ao mês (art. 161, § 1º, do CTN). Observada a regra isonômica e havendo previsão na legislação da entidade tributante, é legítima a utilização da taxa Selic, sendo vedada sua cumulação com quaisquer outros índices. 4.Preservação da coisa julgada. Não obstante os índices estabelecidos para atualização monetária e compensação da mora, de acordo com a natureza da condenação imposta à Fazenda Pública, cumpre ressalvar eventual coisa julgada que tenha determinado a aplicação de índices diversos, cuja constitucionalidade/legalidade há de ser aferida no caso concreto"".II - Julgado o tema pela sistemática dos recursos repetitivos, esta Corte Superior orienta que os recursos que tratam da mesma controvérsia devem retornar ao Tribunal de origem para que este faça o juízo de conformação, nos termos do que dispõe o art. 34, XXIV, do RISTJ.III - Embargos acolhidos para tornar sem efeitos as decisões e votos proferidos nesta Corte e determinar a devolução dos autos ao Tribunal de origem, para que realize o juízo de conformação ou a manutenção do acórdão local frente ao decidido nos Temas 810/STF e 905/STJ.","Vistos e relatados estes autos em que são partes as acima indicadas, acordam os Ministros da SEGUNDA TURMA do Superior Tribunal de Justiça, em Sessão Virtual de 18/09/2025 a 24/09/2025, por unanimidade, acolher os embargos de declaração, nos termos do voto do Sr. Ministro Relator.Os Srs. Ministros Maria Thereza de Assis Moura, Marco Aurélio Bellizze, Teodoro Silva Santos e Afrânio Vilela votaram com o Sr. Ministro Relator.Presidiu o julgamento o Sr. Ministro Afrânio Vilela."
2213669,RESP,Ministro FRANCISCO FALCÃO (1116),T2 - SEGUNDA TURMA,02/09/2025,08/09/2025,"DIREITO TRIBUTÁRIO. EXECUÇÃO FISCAL. BLOQUEIO DE ATIVOS FINANCEIROS.DEPÓSITO JUDICIAL DO VALOR INTEGRAL DA DÍVIDA. INCIDÊNCIA DE JUROS E CORREÇÃO MONETÁRIA NOS TERMOS DA CDA. IMPOSSIBILIDADE. RESPONSABILIDADE DA INSTITUIÇÃO FINANCEIRA PELOS CONSECUTÁRIOS LEGAIS. TEMA N. 677 DO STJ. TESE JURÍDICA FIXADA NO ÂMBITO DASRELAÇÕES PRIVADAS. INAPLICABILIDADE ÀS EXECUÇÕES FISCAIS.
I - Na origem, a Fazenda Pública Municipal promoveu execução fiscal, visando à satisfação de créditos tributários. O Juízo da execução fiscal proferiu decisão que deferiu bloqueio de ativos financeiros via SISBAJUD e reconheceu que o depósito do valor exequendo faz cessar a responsabilidade do executado pela atualização monetária e pelos juros de mora, sendo devidos apenas os acréscimos decorrentes da instituição bancária depositária. O Tribunal a quo deu parcial provimento ao recurso da Fazenda Pública apenas para consignar que é incabível a expedição de alvará para pagamento das custas processuais antes da plena satisfação do crédito tributário, mantendo os demais termos da decisão.
II - A Municipalidade sustenta, em suma, que o bloqueio de ativos financeiros convertidos em depósito judicial não implica quitação do débito tributário, permanecendo devidos os juros e a correção monetária nos mesmos termos previstos na CDA até a data da efetiva disponibilização dos valores à exequente, sendo insuficiente a atualização pela instituição financeira depositária. Acrescenta que a tese jurídica fixada no Tema n. 677 pela Corte Especial do Superior Tribunal de Justiça também deve ser aplicada às execuções fiscais.
III - Nos termos do art. 9º da LEF, há quatro formas de garantia do juízo: a) o depósito em dinheiro; (b) a prestação de fiança bancária; (c) a nomeação de bens próprios à penhora; e (d) a indicação de bens de terceiros, desde que expressamente aceitos pela Fazenda Pública exequente. Contudo, apenas o depósito em dinheiro tem o efeito de suspender a exigibilidade do crédito tributário e de fazer cessar a responsabilidade do executado pela atualização monetária e pelos juros de mora, conforme art. 151, II, do CTN e art. 9º, § 4º, da LEF. Destaca-se que a norma não diferencia se o depósito foi realizado de forma voluntária ou não.
IV - Além disso, o § 2º do art. 11 da LEF prevê que a penhora efetuada em dinheiro deve ser convertida em depósito, produzindo os mesmos efeitos jurídicos. O valor bloqueado ou depositado deve corresponder ao montante integral e atualizado da dívida ativa, incluindo principal, juros, multa e demais encargos constantes na certidão de dívida ativa, conforme estabelece o caput do art. 9º da LEF.
V - A Segunda Turma do Superior Tribunal de Justiça, ao enfrentar a matéria, reconheceu que o depósito integral para garantia do juízo afasta a incidência dos juros de mora a partir da data em que foi efetivado, uma vez que os valores estarão acrescidos de juros e correção monetária pagos pela instituição bancária onde se efetivou o depósito. Precedentes: AgRg no Ag n. 1.183.695/RS, relator Ministro Herman Benjamin, Segunda Turma, julgado em 24/11/2009, DJe de 18/12/2009; REsp n. 1.107.447/PR, relator Ministro Castro Meira, Segunda Turma, julgado em 14/4/2009, DJe de 4/5/2009.
VI - Não se olvida que a Corte Especial do Superior Tribunal de Justiça, ao julgar a Questão de Ordem no REsp n. 1.820.963, revisou o Tema n. 677, dos recursos repetitivos, fixando a seguinte tese jurídica: ""Na execução, o depósito efetuado a título de garantia do juízo ou decorrente da penhora de ativos financeiros não isenta o devedor do pagamento dos consectários de sua mora, conforme previstos no título executivo, devendo-se, quando da efetiva entrega do dinheiro ao cr edor, deduzir do montante final devido o saldo da conta judicial.""
VII - No referido julgamento da Corte Especial, como bem delineado pelo Tribunal de origem, os Recursos Especiais n. 1.348.640/RS e 1.820.963/SP, representativos da controvérsia, os quais deram ensejo à citada tese firmada no Tema n. 677, consistem em cumprimento de sentença entre particulares, isto é, tratam de obrigações civis, regidas estritamente pelas normas de direito privado.
VIII - Com efeito, pelo critério da especialidade, às execuções fiscais se aplicam as disposições da Lei de Execuções Fiscais e do Código Tributário Nacional, o que afasta a aplicação do Tema n. 677 desta Corte Superior, e há disposição expressa de que o depósito do valor integral da dívida ativa exequenda faz cessar a responsabilidade pela atualização monetária e juros de mora.
IX - Nessa mesma linha, em decisão monocrática no AREsp 2.752.092, o Ministro Gurgel de Faria decidiu que a orientação estabelecida no Tema 677 do STJ não alcança a execução fiscal, consignando que o julgado não faz nenhuma referência a dispositivos do CTN ou da Lei n. 6.830/1980, limitando-se a disciplinar relações existentes no âmbito privado.
X - Além disso, a Lei Complementar n. 151/2015 dispõe em seu art. 2º que ""os depósitos judiciais e administrativos em dinheiro referentes a processos judiciais ou administrativos, tributários ou não tributários, nos quais o Estado, o Distrito Federal ou os Municípios sejam parte, deverão ser efetuados em instituição financeira oficial federal, estadual ou distrital"". O mesmo diploma no art. 3º acrescenta que a instituição financeira transferirá 70% do valor atualizado dos depósitos com os respectivos acessórios para a conta única do Tesouro do Estado, do Distrito Federal ou do Município.
XI - Ou seja, nas execuções de natureza cível, o credor só tem acesso ao depósito ao final do processo, ao passo que, nas execuções fiscais há tratamento diferenciado e mais favorável à Fazenda Pública, uma vez que parte significativa do depósito é colocada imediatamente à disposição do credor. Ressalte-se que os dispositivos da Lei Complementar n.º 151/2015 foram analisados e considerados constitucionais pelo Supremo Tribunal Federal, no julgamento da ADI n.º 5.361/DF, de relatoria do Ministro Nunes Marques.
XII - Dessa forma, uma vez efetivado o depósito judicial voluntário em dinheiro ou mesmo realizado o bloqueio involuntário de ativos financeiros em valor correspondente à integralidade do crédito inscrito na CDA, deve cessar a responsabilidade do executado quanto à atualização monetária e aos juros de mora incidentes sobre o débito, ficando tais acréscimos limitados àqueles devidos pela instituição financeira depositária, conforme regras próprias de remuneração do capital depositado judicialmente.
XIII - Admitir solução diversa, após a conversão em renda do valor depositado à Fazenda Pública, em vez de extinguir a execução fiscal, ensejaria ""nova"" execução para cobrança do remanescente de juros e correção, prática sem amparo legal e contrária à celeridade processual. Além disso, o contribuinte poderia ser penalizado com o pagamento de acréscimos decorrentes da própria morosidade do Poder Judiciário, especialmente nas varas de Fazenda Pública, que por vezes acumulam milhares de execuções fiscais.
XIV - Recurso especial improvido.",https://processo.stj.jus.br/SCON/GetInteiroTeorDoAcordao?num_registro=202501743680&dt_publicacao=08/09/2025,"DIREITO TRIBUTÁRIO. EXECUÇÃO FISCAL. BLOQUEIO DE ATIVOS FINANCEIROS.DEPÓSITO JUDICIAL DO VALOR INTEGRAL DA DÍVIDA. INCIDÊNCIA DE JUROS E CORREÇÃO MONETÁRIA NOS TERMOS DA CDA. IMPOSSIBILIDADE. RESPONSABILIDADE DA INSTITUIÇÃO FINANCEIRA PELOS CONSECUTÁRIOS LEGAIS. TEMA N. 677 DO STJ. TESE JURÍDICA FIXADA NO ÂMBITO DASRELAÇÕES PRIVADAS. INAPLICABILIDADE ÀS EXECUÇÕES FISCAIS.
I - Na origem, a Fazenda Pública Municipal promoveu execução fiscal, visando à satisfação de créditos tributários. O Juízo da execução fiscal proferiu decisão que deferiu bloqueio de ativos financeiros via SISBAJUD e reconheceu que o depósito do valor exequendo faz cessar a responsabilidade do executado pela atualização monetária e pelos juros de mora, sendo devidos apenas os acréscimos decorrentes da instituição bancária depositária. O Tribunal a quo deu parcial provimento ao recurso da Fazenda Pública apenas para consignar que é incabível a expedição de alvará para pagamento das custas processuais antes da plena satisfação do crédito tributário, mantendo os demais termos da decisão.
II - A Municipalidade sustenta, em suma, que o bloqueio de ativos financeiros convertidos em depósito judicial não implica quitação do débito tributário, permanecendo devidos os juros e a correção monetária nos mesmos termos previstos na CDA até a data da efetiva disponibilização dos valores à exequente, sendo insuficiente a atualização pela instituição financeira depositária. Acrescenta que a tese jurídica fixada no Tema n. 677 pela Corte Especial do Superior Tribunal de Justiça também deve ser aplicada às execuções fiscais.
III - Nos termos do art. 9º da LEF, há quatro formas de garantia do juízo: a) o depósito em dinheiro; (b) a prestação de fiança bancária; (c) a nomeação de bens próprios à penhora; e (d) a indicação de bens de terceiros, desde que expressamente aceitos pela Fazenda Pública exequente. Contudo, apenas o depósito em dinheiro tem o efeito de suspender a exigibilidade do crédito tributário e de fazer cessar a responsabilidade do executado pela atualização monetária e pelos juros de mora, conforme art. 151, II, do CTN e art. 9º, § 4º, da LEF. Destaca-se que a norma não diferencia se o depósito foi realizado de forma voluntária ou não.
IV - Além disso, o § 2º do art. 11 da LEF prevê que a penhora efetuada em dinheiro deve ser convertida em depósito, produzindo os mesmos efeitos jurídicos. O valor bloqueado ou depositado deve corresponder ao montante integral e atualizado da dívida ativa, incluindo principal, juros, multa e demais encargos constantes na certidão de dívida ativa, conforme estabelece o caput do art. 9º da LEF.
V - A Segunda Turma do Superior Tribunal de Justiça, ao enfrentar a matéria, reconheceu que o depósito integral para garantia do juízo afasta a incidência dos juros de mora a partir da data em que foi efetivado, uma vez que os valores estarão acrescidos de juros e correção monetária pagos pela instituição bancária onde se efetivou o depósito. Precedentes: AgRg no Ag n. 1.183.695/RS, relator Ministro Herman Benjamin, Segunda Turma, julgado em 24/11/2009, DJe de 18/12/2009; REsp n. 1.107.447/PR, relator Ministro Castro Meira, Segunda Turma, julgado em 14/4/2009, DJe de 4/5/2009.
VI - Não se olvida que a Corte Especial do Superior Tribunal de Justiça, ao julgar a Questão de Ordem no REsp n. 1.820.963, revisou o Tema n. 677, dos recursos repetitivos, fixando a seguinte tese jurídica: ""Na execução, o depósito efetuado a título de garantia do juízo ou decorrente da penhora de ativos financeiros não isenta o devedor do pagamento dos consectários de sua mora, conforme previstos no título executivo, devendo-se, quando da efetiva entrega do dinheiro ao cr edor, deduzir do montante final devido o saldo da conta judicial.""
VII - No referido julgamento da Corte Especial, como bem delineado pelo Tribunal de origem, os Recursos Especiais n. 1.348.640/RS e 1.820.963/SP, representativos da controvérsia, os quais deram ensejo à citada tese firmada no Tema n. 677, consistem em cumprimento de sentença entre particulares, isto é, tratam de obrigações civis, regidas estritamente pelas normas de direito privado.
VIII - Com efeito, pelo critério da especialidade, às execuções fiscais se aplicam as disposições da Lei de Execuções Fiscais e do Código Tributário Nacional, o que afasta a aplicação do Tema n. 677 desta Corte Superior, e há disposição expressa de que o depósito do valor integral da dívida ativa exequenda faz cessar a responsabilidade pela atualização monetária e juros de mora.
IX - Nessa mesma linha, em decisão monocrática no AREsp 2.752.092, o Ministro Gurgel de Faria decidiu que a orientação estabelecida no Tema 677 do STJ não alcança a execução fiscal, consignando que o julgado não faz nenhuma referência a dispositivos do CTN ou da Lei n. 6.830/1980, limitando-se a disciplinar relações existentes no âmbito privado.
X - Além disso, a Lei Complementar n. 151/2015 dispõe em seu art. 2º que ""os depósitos judiciais e administrativos em dinheiro referentes a processos judiciais ou administrativos, tributários ou não tributários, nos quais o Estado, o Distrito Federal ou os Municípios sejam parte, deverão ser efetuados em instituição financeira oficial federal, estadual ou distrital"". O mesmo diploma no art. 3º acrescenta que a instituição financeira transferirá 70% do valor atualizado dos depósitos com os respectivos acessórios para a conta única do Tesouro do Estado, do Distrito Federal ou do Município.
XI - Ou seja, nas execuções de natureza cível, o credor só tem acesso ao depósito ao final do processo, ao passo que, nas execuções fiscais há tratamento diferenciado e mais favorável à Fazenda Pública, uma vez que parte significativa do depósito é colocada imediatamente à disposição do credor. Ressalte-se que os dispositivos da Lei Complementar n.º 151/2015 foram analisados e considerados constitucionais pelo Supremo Tribunal Federal, no julgamento da ADI n.º 5.361/DF, de relatoria do Ministro Nunes Marques.
XII - Dessa forma, uma vez efetivado o depósito judicial voluntário em dinheiro ou mesmo realizado o bloqueio involuntário de ativos financeiros em valor correspondente à integralidade do crédito inscrito na CDA, deve cessar a responsabilidade do executado quanto à atualização monetária e aos juros de mora incidentes sobre o débito, ficando tais acréscimos limitados àqueles devidos pela instituição financeira depositária, conforme regras próprias de remuneração do capital depositado judicialmente.
XIII - Admitir solução diversa, após a conversão em renda do valor depositado à Fazenda Pública, em vez de extinguir a execução fiscal, ensejaria ""nova"" execução para cobrança do remanescente de juros e correção, prática sem amparo legal e contrária à celeridade processual. Além disso, o contribuinte poderia ser penalizado com o pagamento de acréscimos decorrentes da própria morosidade do Poder Judiciário, especialmente nas varas de Fazenda Pública, que por vezes acumulam milhares de execuções fiscais.
XIV - Recurso especial improvido.","Vistos e relatados estes autos em que são partes as acima indicadas, acordam os Ministros da Turma, por unanimidade, negar provimento ao recurso, nos termos do voto do Sr. Ministro-Relator.A Sra. Ministra Maria Thereza de Assis Moura, os Srs. Ministros Marco Aurélio Bellizze, Teodoro Silva Santos e Afrânio Vilela votaram com o Sr. Ministro Relator."
2724265,AAINTARESP,Ministro GURGEL DE FARIA (1160),T1 - PRIMEIRA TURMA,01/09/2025,04/09/2025,"PROCESSUAL CIVIL E PREVIDENCIÁRIO. VEICULAÇÃO DE RAZÕES DISSOCIADAS. FUNDAMENTO AUTÔNOMO. IMPUGNAÇÃO. AUSÊNCIA. SÚMULA 283 DO STF. FALTA DE INDICAÇÃO DE DISPOSITIVO. SÚMULA 284 DO STF. VIOLAÇÃO À TEMA REPETITIVO. DESCABIMENTO. ACÓRDÃO NA ORIGEM EM CONSONÂNCIA COM OENTENDIMENTO DO STJ.
1. Aplica-se o óbice da Súmula 284 do STF quando o recurso veicular razões dissociadas dos fundamentos da decisão recorrida.
2. A ausência de impugnação específica dos fundamentos do acórdão recorrido atrai a incidência analógica da Súmula 283 do STF.
3. A falta de indicação do dispositivo de lei federal supostamente violado impede a exata compreensão da controvérsia e obsta o conhecimento do recurso especial (Súmula 284 do STF).
4. Ressalte-se que o Recurso Especial não constitui via adequada para análise de eventual ofensa a Resoluções, a Princípios, a Portarias, a Temas ou a Instruções Normativas, por não estarem tais atos normativos inseridos no conceito de lei federal, nos termos do art. 105, III, ""a"", da Constituição Federal.
5. Em relação à correção monetária, as condenações da autarquia, em matéria previdenciária, sujeitam-se à incidência do INPC a partir da vigência do art. 41-A da Lei n. 8.213/1991, com a redação incluída pela Lei n. 11.430 /2006, conforme decidido nos Temas 905 do STJ e 810 do STF. Quanto aos juros de mora, devem continuar a observar a remuneração oficial da caderneta de poupança (art. 1º-F da Lei n. 9.494/1997, com redação dada pela Lei n. 11.960/2009), e, após a entrada em vigor da Emenda Constitucional n. 113/2021, as condenações proferidas contra a Fazenda Pública devem observar a Selic, em observância ao principio tempus regit actum.
6. Agravo interno desprovido.",https://processo.stj.jus.br/SCON/GetInteiroTeorDoAcordao?num_registro=202403101695&dt_publicacao=04/09/2025,"PROCESSUAL CIVIL E PREVIDENCIÁRIO. VEICULAÇÃO DE RAZÕES DISSOCIADAS. FUNDAMENTO AUTÔNOMO. IMPUGNAÇÃO. AUSÊNCIA. SÚMULA 283 DO STF. FALTA DE INDICAÇÃO DE DISPOSITIVO. SÚMULA 284 DO STF. VIOLAÇÃO À TEMA REPETITIVO. DESCABIMENTO. ACÓRDÃO NA ORIGEM EM CONSONÂNCIA COM OENTENDIMENTO DO STJ.
1. Aplica-se o óbice da Súmula 284 do STF quando o recurso veicular razões dissociadas dos fundamentos da decisão recorrida.
2. A ausência de impugnação específica dos fundamentos do acórdão recorrido atrai a incidência analógica da Súmula 283 do STF.
3. A falta de indicação do dispositivo de lei federal supostamente violado impede a exata compreensão da controvérsia e obsta o conhecimento do recurso especial (Súmula 284 do STF).
4. Ressalte-se que o Recurso Especial não constitui via adequada para análise de eventual ofensa a Resoluções, a Princípios, a Portarias, a Temas ou a Instruções Normativas, por não estarem tais atos normativos inseridos no conceito de lei federal, nos termos do art. 105, III, ""a"", da Constituição Federal.
5. Em relação à correção monetária, as condenações da autarquia, em matéria previdenciária, sujeitam-se à incidência do INPC a partir da vigência do art. 41-A da Lei n. 8.213/1991, com a redação incluída pela Lei n. 11.430 /2006, conforme decidido nos Temas 905 do STJ e 810 do STF. Quanto aos juros de mora, devem continuar a observar a remuneração oficial da caderneta de poupança (art. 1º-F da Lei n. 9.494/1997, com redação dada pela Lei n. 11.960/2009), e, após a entrada em vigor da Emenda Constitucional n. 113/2021, as condenações proferidas contra a Fazenda Pública devem observar a Selic, em observância ao principio tempus regit actum.
6. Agravo interno desprovido.","Vistos e relatados estes autos em que são partes as acima indicadas, acordam os Ministros da PRIMEIRA TURMA do Superior Tribunal de Justiça, em Sessão Virtual de 26/08/2025 a 01/09/2025, por unanimidade, negar provimento ao recurso, nos termos do voto do Sr. Ministro Relator.Os Srs. Ministros Paulo Sérgio Domingues, Benedito Gonçalves, Sérgio Kukina e Regina Helena Costa votaram com o Sr. Ministro Relator.Presidiu o julgamento o Sr. Ministro Sérgio Kukina."
1623231,RESP,Ministro TEODORO SILVA SANTOS (1186),T2 - SEGUNDA TURMA,27/08/2025,02/09/2025,"PROCESSUAL CIVIL E ADMINISTRATIVO. RECURSO ESPECIAL. INTERPOSIÇÃO SOB A VIGÊNCIA DO CPC/1973. DESAPROPRIAÇÃO. ACÓRDÃO RECORRIDO. OMISSÃO. INEXISTÊNCIA. TEMA EXPRESSAMENTE ENFRENTADO. TÍTULOS DA DÍVIDA AGRÁRIA. ATUALIZAÇÃO. RAZÕES RECURSAIS. DISSOCIAÇÃO DOS FUNDAMENTOS DO JULGADO COMBATIDO. CONTROVÉRSIA NÃO DELIMITADA. SÚMULA N. 284 DO STF. TAXA REFERENCIAL (TR). UTILIZAÇÃO COMOCRITÉRIO DE CORREÇÃO MONETÁRIA. DESCABIMENTO. TEMA N. 905 DO STJ. HONORÁRIOS ADVOCATÍCIOS. CAUSALIDADE E EXTENSÃO DA SUCUMBÊNCIA. FALTA DE PREQUESTIONAMENTO. SÚMULAS N. 282 E 356 DO STF. REEXAME DE MATÉRIA FÁTICO-PROBATÓRIA. SÚMULA N. 7 DO STJ. RECURSO ESPECIAL PARCIALMENTE CONHECIDO E, NESSA EXTENSÃO, DESPROVIDO.1. Nos termos do Enunciado Administrativo n. 2/STJ, ""aos recursos interpostos com fundamento no CPC/1973 (relativos a decisões publicadas até 17 de março de 2016) devem ser exigidos os requisitos de admissibilidade na forma nele prevista, com as interpretações dadas, até então, pela jurisprudência do Superior Tribunal de Justiça"".2. O Tribunal de origem enfrentou expressamente o tema referente à existência de critério próprio para a correção monetária dos Títulos da Dívida Agrária. Portanto, inexiste omissão, razão pela qual não há falar em ofensa ao art. 535, inciso II, do Código de Processo Civil de 1973.3. As razões do recurso especial não refutaram especificamente a fundamentação do acórdão recorrido, no tocante à discussão acerca da atualização dos Títulos da Dívida Agrária. Tal dissociação caracteriza a falta de delimitação da controvérsia, atraindo a incidência da Súmula n. 284 do STF 4. O entendimento da Corte Regional está de acordo com a posição adotada por este Tribunal Superior no Tema n. 905, segundo o qual o art. 1.º-F da Lei n. 9.494/97 (com a redação dada pela Lei n. 11.960/2009), para fins de correção monetária, não é aplicável nas condenações judiciais impostas à Fazenda Pública, independentemente de sua natureza"". Correto, portanto, o afastamento da utilização do índice de remuneração da caderneta de poupança (TR), como critério de atualização monetária, a partir de julho de 2009.5. O Tribunal de origem não apreciou a tese de que foi indevida a condenação do INCRA ao pagamento de honorários, pois o expropriado é que teria dado causa ao ajuizamento dos embargos e teria decaído de maior parte da pretensão, e a parte recorrente não suscitou a questão em seus embargos de declaração, motivo pelo qual está ausente o necessário prequestionamento, nos termos das Súmulas n. 282 e 356 do STF. Ressalta-se que mesmo nos casos em que a suposta ofensa à lei federal tenha surgido na prolação do acórdão recorrido, é indispensável a oposição de embargos de declaração para que a Corte de origem se manifeste sobre o tema a ser veiculado no recurso especial, ainda que se cuide matéria de ordem pública.6. Recurso especial parcialmente conhecido e, nessa extensão, desprovido.",https://processo.stj.jus.br/SCON/GetInteiroTeorDoAcordao?num_registro=201602283861&dt_publicacao=02/09/2025,"PROCESSUAL CIVIL E ADMINISTRATIVO. RECURSO ESPECIAL. INTERPOSIÇÃO SOB A VIGÊNCIA DO CPC/1973. DESAPROPRIAÇÃO. ACÓRDÃO RECORRIDO. OMISSÃO. INEXISTÊNCIA. TEMA EXPRESSAMENTE ENFRENTADO. TÍTULOS DA DÍVIDA AGRÁRIA. ATUALIZAÇÃO. RAZÕES RECURSAIS. DISSOCIAÇÃO DOS FUNDAMENTOS DO JULGADO COMBATIDO. CONTROVÉRSIA NÃO DELIMITADA. SÚMULA N. 284 DO STF. TAXA REFERENCIAL (TR). UTILIZAÇÃO COMOCRITÉRIO DE CORREÇÃO MONETÁRIA. DESCABIMENTO. TEMA N. 905 DO STJ. HONORÁRIOS ADVOCATÍCIOS. CAUSALIDADE E EXTENSÃO DA SUCUMBÊNCIA. FALTA DE PREQUESTIONAMENTO. SÚMULAS N. 282 E 356 DO STF. REEXAME DE MATÉRIA FÁTICO-PROBATÓRIA. SÚMULA N. 7 DO STJ. RECURSO ESPECIAL PARCIALMENTE CONHECIDO E, NESSA EXTENSÃO, DESPROVIDO.1. Nos termos do Enunciado Administrativo n. 2/STJ, ""aos recursos interpostos com fundamento no CPC/1973 (relativos a decisões publicadas até 17 de março de 2016) devem ser exigidos os requisitos de admissibilidade na forma nele prevista, com as interpretações dadas, até então, pela jurisprudência do Superior Tribunal de Justiça"".2. O Tribunal de origem enfrentou expressamente o tema referente à existência de critério próprio para a correção monetária dos Títulos da Dívida Agrária. Portanto, inexiste omissão, razão pela qual não há falar em ofensa ao art. 535, inciso II, do Código de Processo Civil de 1973.3. As razões do recurso especial não refutaram especificamente a fundamentação do acórdão recorrido, no tocante à discussão acerca da atualização dos Títulos da Dívida Agrária. Tal dissociação caracteriza a falta de delimitação da controvérsia, atraindo a incidência da Súmula n. 284 do STF 4. O entendimento da Corte Regional está de acordo com a posição adotada por este Tribunal Superior no Tema n. 905, segundo o qual o art. 1.º-F da Lei n. 9.494/97 (com a redação dada pela Lei n. 11.960/2009), para fins de correção monetária, não é aplicável nas condenações judiciais impostas à Fazenda Pública, independentemente de sua natureza"". Correto, portanto, o afastamento da utilização do índice de remuneração da caderneta de poupança (TR), como critério de atualização monetária, a partir de julho de 2009.5. O Tribunal de origem não apreciou a tese de que foi indevida a condenação do INCRA ao pagamento de honorários, pois o expropriado é que teria dado causa ao ajuizamento dos embargos e teria decaído de maior parte da pretensão, e a parte recorrente não suscitou a questão em seus embargos de declaração, motivo pelo qual está ausente o necessário prequestionamento, nos termos das Súmulas n. 282 e 356 do STF. Ressalta-se que mesmo nos casos em que a suposta ofensa à lei federal tenha surgido na prolação do acórdão recorrido, é indispensável a oposição de embargos de declaração para que a Corte de origem se manifeste sobre o tema a ser veiculado no recurso especial, ainda que se cuide matéria de ordem pública.6. Recurso especial parcialmente conhecido e, nessa extensão, desprovido.",
2132525,AIRESP,,T2 - SEGUNDA TURMA,27/08/2025,01/09/2025,"PROCESSUAL CIVIL. AGRAVO INTERNO NO RECURSO ESPECIAL. CONDENAÇÃOIMPOSTA À FAZENDA PÚBLICA. EXECUÇ ÃO. ALTERAÇÃO DO ÍNDICE DE CORREÇÃO MONETÁRIA. INOCORRÊNCIA DE PRECLUSÃO OU VIOLAÇÃO À COISA JULGADA. ACÓRDÃO RECORRIDO EM DESCONFORMIDADE COM A JURISPRUDÊNCIA VINCULANTE DO SUPREMO TRIBUNAL FEDERAL E, TAMBÉM, COM O ATUAL ENTENDIMENTO DESTA CORTE SUPERIOR. AGRAVO INTERNO PROVIDO, EM JUÍZODE RETRATAÇÃO.
1. Necessário o novo julgamento do presente agravo interno, em razão da retratação que se impõe para fins de adequação ao entendimento vinculante firmado pelo Supremo Tribunal Federal por ocasião do julgamento dos Temas 1.170 e 1.361.
2. ""Os juros de mora e a correção monetária são encargos acessórios da obrigação principal, possuindo caráter eminentemente processual, e portanto, devem ser incluídos na conta de liquidação, ainda que já homologado o cálculo anterior, inexistindo preclusão ou ofensa à coisa julgada por causa dessa inclusão. Assim, as alterações do art. 1º-F da Lei 9.494/1997, introduzidas pela Medida Provisória 2.180-35/2001 e pela Lei 11.960/2009, têm aplicação imediata a todas as demandas judiciais em trâmite, com base no princípio tempus regit actum"" (AgInt no REsp 1.494.054/RS, relator Ministro Benedito Gonçalves, Primeira Turma, julgado em 21/6/2021, DJe de 23/6/2021)"" (AgInt no REsp n. 1.882.081/RS, relator Ministro Paulo Sérgio Domingues, Primeira Turma, julgado em 18/11/2024, DJe de 22/11/2024).
3. Na mesma linha de compreensão, o Supremo Tribunal Federal, ao analisar a matéria em sede de repercussão geral, definiu ser ""aplicável às condenações da Fazenda Pública envolvendo relações jurídicas não tributárias o índice de juros moratórios estabelecidos no art. 1º-F da Lei n. 9494/97, na redação dada pela Lei n. 11.960/2009, a partir da vigência da referida legislação, mesmo havendo previsão diversa em título executivo judicial transitado em julgado"" (Tema 1.170/STF).
4. Registre-se que ""não obstante num primeiro momento o Tema n. 1.170/STF se refira apenas aos juros de mora, o próprio Supremo Tribunal Federal tem entendido que a ratio decidendi inclui a discussão acerca dos índices de correção monetária. Nesse mesmo sentido as decisões monocráticas proferidas pelo Supremo Tribunal Federal nos RE n. 1.351.558, relator Ministro Alexandre de Moraes, RE n. 1.364.919, relator Ministro Luiz Fux, DJe 1º/12/2022; RE n. 1.367.135 e ARE n. 1.368.045, relator Ministro Nunes Marques, DJe de 16/3/2022 e 30/8/2022; ARE n. 1.360.746, relator Ministro André Mendonça, DJe de 24/2/2022; ARE n. 1.361.501, relator Ministro Edson Fachin, DJe de 10/2/2022; ARE n. 1.376.019, relator Ministro Roberto Barroso, DJe de 27/4/2022; RE n. 1.382.672, relatora Ministra Rosa Weber, DJe de 1º/6/2022; ARE n. 1.383.242, relator Ministro Dias Toffoli, DJe de 25/5/2022; RE 1.382.980, relatora Ministra Cármen Lúcia, DJe de 23/5/2022; ARE n. 1.330.289-AgR, relator Ministro Ricardo Lewandowski, DJe de 2/12/2021; e ARE n. 1.362.520, relator Ministro Gilmar Mendes, DJe de 18/5/2022"" (AgInt no REsp n. 2.155.097/SC, relator Ministro Francisco Falcão, Segunda Turma, julgado em 7/10/2024, DJe de 9/10/2024).
5. Posteriormente, o Supremo Tribunal Federal fixou ainda a seguinte tese de repercussão geral (Tema 1.361/STF): ""O trânsito em julgado de decisão de mérito com previsão de índice específico de juros ou de correção monetária não impede a incidência de legislação ou entendimento jurisprudencial do STF supervenientes, nos termos do Tema 1.170/RG"".
6. In casu, por se tratar de condenação judicial de natureza previdenciária, incide o INPC, para fins de correção monetária, quanto ao período posterior à vigência da Lei n. 11.430/2006, que incluiu o art. 41-A na Lei n. 8.213/1991. No período anterior à vigência da Lei n. 11.430/2006, devem ser aplicados os índices previstos no Manual de Cálculos da Justiça Federal (Temas 810/STF e 905/STJ).
7. Agravo interno provido, em juízo de retratação.",https://processo.stj.jus.br/SCON/GetInteiroTeorDoAcordao?num_registro=202401054978&dt_publicacao=01/09/2025,"PROCESSUAL CIVIL. AGRAVO INTERNO NO RECURSO ESPECIAL. CONDENAÇÃOIMPOSTA À FAZENDA PÚBLICA. EXECUÇ ÃO. ALTERAÇÃO DO ÍNDICE DE CORREÇÃO MONETÁRIA. INOCORRÊNCIA DE PRECLUSÃO OU VIOLAÇÃO À COISA JULGADA. ACÓRDÃO RECORRIDO EM DESCONFORMIDADE COM A JURISPRUDÊNCIA VINCULANTE DO SUPREMO TRIBUNAL FEDERAL E, TAMBÉM, COM O ATUAL ENTENDIMENTO DESTA CORTE SUPERIOR. AGRAVO INTERNO PROVIDO, EM JUÍZODE RETRATAÇÃO.
1. Necessário o novo julgamento do presente agravo interno, em razão da retratação que se impõe para fins de adequação ao entendimento vinculante firmado pelo Supremo Tribunal Federal por ocasião do julgamento dos Temas 1.170 e 1.361.
2. ""Os juros de mora e a correção monetária são encargos acessórios da obrigação principal, possuindo caráter eminentemente processual, e portanto, devem ser incluídos na conta de liquidação, ainda que já homologado o cálculo anterior, inexistindo preclusão ou ofensa à coisa julgada por causa dessa inclusão. Assim, as alterações do art. 1º-F da Lei 9.494/1997, introduzidas pela Medida Provisória 2.180-35/2001 e pela Lei 11.960/2009, têm aplicação imediata a todas as demandas judiciais em trâmite, com base no princípio tempus regit actum"" (AgInt no REsp 1.494.054/RS, relator Ministro Benedito Gonçalves, Primeira Turma, julgado em 21/6/2021, DJe de 23/6/2021)"" (AgInt no REsp n. 1.882.081/RS, relator Ministro Paulo Sérgio Domingues, Primeira Turma, julgado em 18/11/2024, DJe de 22/11/2024).
3. Na mesma linha de compreensão, o Supremo Tribunal Federal, ao analisar a matéria em sede de repercussão geral, definiu ser ""aplicável às condenações da Fazenda Pública envolvendo relações jurídicas não tributárias o índice de juros moratórios estabelecidos no art. 1º-F da Lei n. 9494/97, na redação dada pela Lei n. 11.960/2009, a partir da vigência da referida legislação, mesmo havendo previsão diversa em título executivo judicial transitado em julgado"" (Tema 1.170/STF).
4. Registre-se que ""não obstante num primeiro momento o Tema n. 1.170/STF se refira apenas aos juros de mora, o próprio Supremo Tribunal Federal tem entendido que a ratio decidendi inclui a discussão acerca dos índices de correção monetária. Nesse mesmo sentido as decisões monocráticas proferidas pelo Supremo Tribunal Federal nos RE n. 1.351.558, relator Ministro Alexandre de Moraes, RE n. 1.364.919, relator Ministro Luiz Fux, DJe 1º/12/2022; RE n. 1.367.135 e ARE n. 1.368.045, relator Ministro Nunes Marques, DJe de 16/3/2022 e 30/8/2022; ARE n. 1.360.746, relator Ministro André Mendonça, DJe de 24/2/2022; ARE n. 1.361.501, relator Ministro Edson Fachin, DJe de 10/2/2022; ARE n. 1.376.019, relator Ministro Roberto Barroso, DJe de 27/4/2022; RE n. 1.382.672, relatora Ministra Rosa Weber, DJe de 1º/6/2022; ARE n. 1.383.242, relator Ministro Dias Toffoli, DJe de 25/5/2022; RE 1.382.980, relatora Ministra Cármen Lúcia, DJe de 23/5/2022; ARE n. 1.330.289-AgR, relator Ministro Ricardo Lewandowski, DJe de 2/12/2021; e ARE n. 1.362.520, relator Ministro Gilmar Mendes, DJe de 18/5/2022"" (AgInt no REsp n. 2.155.097/SC, relator Ministro Francisco Falcão, Segunda Turma, julgado em 7/10/2024, DJe de 9/10/2024).
5. Posteriormente, o Supremo Tribunal Federal fixou ainda a seguinte tese de repercussão geral (Tema 1.361/STF): ""O trânsito em julgado de decisão de mérito com previsão de índice específico de juros ou de correção monetária não impede a incidência de legislação ou entendimento jurisprudencial do STF supervenientes, nos termos do Tema 1.170/RG"".
6. In casu, por se tratar de condenação judicial de natureza previdenciária, incide o INPC, para fins de correção monetária, quanto ao período posterior à vigência da Lei n. 11.430/2006, que incluiu o art. 41-A na Lei n. 8.213/1991. No período anterior à vigência da Lei n. 11.430/2006, devem ser aplicados os índices previstos no Manual de Cálculos da Justiça Federal (Temas 810/STF e 905/STJ).
7. Agravo interno provido, em juízo de retratação.","Vistos e relatados estes autos em que são partes as acima indicadas, acordam os Ministros da SEGUNDA TURMA do Superior Tribunal de Justiça, em Sessão Virtual de 21/08/2025 a 27/08/2025, por unanimidade, dar provimento ao recurso, nos termos do voto da Sra. Ministra Relatora.Os Srs. Ministros Francisco Falcão, Marco Aurélio Bellizze, Teodoro Silva Santos e Afrânio Vilela votaram com a Sra. Ministra Relatora.Presidiu o julgamento o Sr. Ministro Afrânio Vilela."
1691857,RESP,Ministro TEODORO SILVA SANTOS (1186),T2 - SEGUNDA TURMA,20/08/2025,29/08/2025,"PROCESSO CIVIL E PREVIDENCIÁRIO. RECURSO ESPECIAL. APOSENTADORIA ESPECIAL. TERMO INICIAL DO BENEFÍCIO. AUSÊNCIA DE INDICAÇÃO DO DISPOSITIVO LEGAL VIOLADO OU OBJETO DE DIVERGÊNCIA. SÚMULA N.284/STF. LEI N. 11.960/2009. TEMA N. 905/STJ. JUROS DE MORA E TERMO FINAL DA VERBA HONORÁRIA. ACÓRDÃO RECORRIDO EM CONSONÂNCIA COM A JURISPRUDÊNCIA DESTA CORTE. SÚMULA N. 83/STJ. PLEITO DE MAJORAÇÃO DOS HONORÁRIOS ADVOCATÍCIOS. SÚMULAS N. 283 E 284 DO STF E 7 DO STJ. RECURSO ESPECIAL NÃO CONHECIDO.1. A falta de particularização do dispositivo legal supostamente violado ou objeto de dissídio jurisprudencial atrai a aplicação da Súmula n. 284 do STF, configurando deficiência na delimitação da controvérsia, o que ocorre, na espécie, quanto à insurgência concernente ao termo inicial para pagamento do benefício previdenciário.2. Conforme o entendimento firmado por esta Corte no julgamento do Tema Repetitivo n. 905/STJ, ""[a]s condenações impostas à Fazenda Pública de natureza previdenciária sujeitam-se à incidência do INPC, para fins de correção monetária, no que se refere ao período posterior à vigência da Lei 11.430/2006, que incluiu o art. 41-A na Lei 8.213/91. Quanto aos juros de mora, incidem segundo a remuneração oficial da caderneta de poupança (art. 1º-F da Lei 9.494/97, com redação dada pela Lei n. 11.960/2009)"".3. Nas ações relativas a benefícios previdenciários, os juros de mora incidem a partir da citação válida (Súmula n. 204/STJ).4. Conforme a Súmula n. 111/STJ, o termo final da verba honorária, nas lides previdenciárias, deve ser fixado na data do julgamento favorável à concessão do benefício previdenciário, orientação reafirmada por esta Corte no julgamento do Tema n. 1.105/STJ.5. Estando o acórdão recorrido em consonância com a jurisprudência desta Corte, incide o óbice da Súmula n. 83/do STJ: ""não se conhece do recurso especial pela divergência, quando a orientação do Tribunal se firmou no mesmo sentido da decisão recorrida"".6. Quanto à insurgência relativa ao percentual dos honorários advocatícios, as razões do recurso especial encontram-se dissociadas do que foi decidido pelo acórdão recorrido, atraindo a incidência das Súmulas n. 283 e 284 do STF. Ademais, a revisão dos honorários advocatícios em sede especial encontra óbice na Súmula n. 7 do STJ, exceto em casos de valores flagrantemente irrisórios ou exorbitantes, o que não ocorreu na espécie.7. Recurso especial não conhecido.",https://processo.stj.jus.br/SCON/GetInteiroTeorDoAcordao?num_registro=201702005811&dt_publicacao=29/08/2025,"PROCESSO CIVIL E PREVIDENCIÁRIO. RECURSO ESPECIAL. APOSENTADORIA ESPECIAL. TERMO INICIAL DO BENEFÍCIO. AUSÊNCIA DE INDICAÇÃO DO DISPOSITIVO LEGAL VIOLADO OU OBJETO DE DIVERGÊNCIA. SÚMULA N.284/STF. LEI N. 11.960/2009. TEMA N. 905/STJ. JUROS DE MORA E TERMO FINAL DA VERBA HONORÁRIA. ACÓRDÃO RECORRIDO EM CONSONÂNCIA COM A JURISPRUDÊNCIA DESTA CORTE. SÚMULA N. 83/STJ. PLEITO DE MAJORAÇÃO DOS HONORÁRIOS ADVOCATÍCIOS. SÚMULAS N. 283 E 284 DO STF E 7 DO STJ. RECURSO ESPECIAL NÃO CONHECIDO.1. A falta de particularização do dispositivo legal supostamente violado ou objeto de dissídio jurisprudencial atrai a aplicação da Súmula n. 284 do STF, configurando deficiência na delimitação da controvérsia, o que ocorre, na espécie, quanto à insurgência concernente ao termo inicial para pagamento do benefício previdenciário.2. Conforme o entendimento firmado por esta Corte no julgamento do Tema Repetitivo n. 905/STJ, ""[a]s condenações impostas à Fazenda Pública de natureza previdenciária sujeitam-se à incidência do INPC, para fins de correção monetária, no que se refere ao período posterior à vigência da Lei 11.430/2006, que incluiu o art. 41-A na Lei 8.213/91. Quanto aos juros de mora, incidem segundo a remuneração oficial da caderneta de poupança (art. 1º-F da Lei 9.494/97, com redação dada pela Lei n. 11.960/2009)"".3. Nas ações relativas a benefícios previdenciários, os juros de mora incidem a partir da citação válida (Súmula n. 204/STJ).4. Conforme a Súmula n. 111/STJ, o termo final da verba honorária, nas lides previdenciárias, deve ser fixado na data do julgamento favorável à concessão do benefício previdenciário, orientação reafirmada por esta Corte no julgamento do Tema n. 1.105/STJ.5. Estando o acórdão recorrido em consonância com a jurisprudência desta Corte, incide o óbice da Súmula n. 83/do STJ: ""não se conhece do recurso especial pela divergência, quando a orientação do Tribunal se firmou no mesmo sentido da decisão recorrida"".6. Quanto à insurgência relativa ao percentual dos honorários advocatícios, as razões do recurso especial encontram-se dissociadas do que foi decidido pelo acórdão recorrido, atraindo a incidência das Súmulas n. 283 e 284 do STF. Ademais, a revisão dos honorários advocatícios em sede especial encontra óbice na Súmula n. 7 do STJ, exceto em casos de valores flagrantemente irrisórios ou exorbitantes, o que não ocorreu na espécie.7. Recurso especial não conhecido.","Vistos e relatados estes autos em que são partes as acima indicadas, acordam os Ministros da SEGUNDA TURMA do Superior Tribunal de Justiça, em Sessão Virtual de 14/08/2025 a 20/08/2025, por unanimidade, não conhecer do recurso, nos termos do voto do Sr. Ministro Relator.Os Srs. Ministros Francisco Falcão, Maria Thereza de Assis Moura, Marco Aurélio Bellizze e Afrânio Vilela votaram com o Sr. Ministro Relator.Presidiu o julgamento o Sr. Ministro Afrânio Vilela."
2127412,AGINTAGINTPDISTRESP,Ministro PAULO SÉRGIO DOMINGUES (1185),T1 - PRIMEIRA TURMA,25/08/2025,28/08/2025,"PROCESSUAL CIVIL E ADMINISTRATIVO. AGRAVO INTERNO. RECURSO ESPECIAL.SERVIDOR PÚBLICO. CUMPRIMENTO DE SENTENÇA. CORREÇÃO MONETÁRIA. NATUREZA PROCESSUAL. APLICAÇÃO IMEDIATA AOS PROCESSOS EM CURSO. PRECLUSÃO. INEXISTÊNCIA. PROVIMENTO NEGADO.1. Discute-se nos autos sobre a possibilidade, ou não, de a parte credora, após apresentar cálculos executivos contemplando a incidência de um determinado índice de correção monetária (TR), pretender mais tarde a aplicação de índice diverso, diante da vigência de legislação superveniente (art. 1º-F da Lei 9.494/1997, com a redação dada pela Lei 11.960/2009).2. O Supremo Tribunal Federal (STF), no julgamento do RE 1.505.031 (Tema 1.361), fixou a seguinte tese: ""O trânsito em julgado de decisão de mérito com previsão de índice específico de juros ou de correção monetária não impede a incidência de legislação ou entendimento jurisprudencial do STF supervenientes, nos termos do Tema 1.170/RG."" O Tema 1.170/STF, por sua vez, dispõe que: ""é aplicável às condenações da Fazenda Pública envolvendo relações jurídicas não tributárias o índice de juros moratórios estabelecido no art. 1º-F da Lei n. 9.494/1997, na redação dada pela Lei n. 11.960/2009, a partir da vigência da referida legislação, mesmo havendo previsão diversa em título executivo judicial transitado em julgado.""3. O acórdão recorrido expressamente reconheceu que a execução não teria sido extinta, pois não teria havido nem a expedição do requisitório. Nesses casos, deve-se aplicar o entendimento segundo o qual não há falar em preclusão, pois os juros de mora e a correção monetária são meros consectários da condenação, podendo ser revistos sem que isso configure ofensa à coisa julgada.4. Agravo interno a que se nega provimento.",https://processo.stj.jus.br/SCON/GetInteiroTeorDoAcordao?num_registro=202400682988&dt_publicacao=28/08/2025,"PROCESSUAL CIVIL E ADMINISTRATIVO. AGRAVO INTERNO. RECURSO ESPECIAL.SERVIDOR PÚBLICO. CUMPRIMENTO DE SENTENÇA. CORREÇÃO MONETÁRIA. NATUREZA PROCESSUAL. APLICAÇÃO IMEDIATA AOS PROCESSOS EM CURSO. PRECLUSÃO. INEXISTÊNCIA. PROVIMENTO NEGADO.1. Discute-se nos autos sobre a possibilidade, ou não, de a parte credora, após apresentar cálculos executivos contemplando a incidência de um determinado índice de correção monetária (TR), pretender mais tarde a aplicação de índice diverso, diante da vigência de legislação superveniente (art. 1º-F da Lei 9.494/1997, com a redação dada pela Lei 11.960/2009).2. O Supremo Tribunal Federal (STF), no julgamento do RE 1.505.031 (Tema 1.361), fixou a seguinte tese: ""O trânsito em julgado de decisão de mérito com previsão de índice específico de juros ou de correção monetária não impede a incidência de legislação ou entendimento jurisprudencial do STF supervenientes, nos termos do Tema 1.170/RG."" O Tema 1.170/STF, por sua vez, dispõe que: ""é aplicável às condenações da Fazenda Pública envolvendo relações jurídicas não tributárias o índice de juros moratórios estabelecido no art. 1º-F da Lei n. 9.494/1997, na redação dada pela Lei n. 11.960/2009, a partir da vigência da referida legislação, mesmo havendo previsão diversa em título executivo judicial transitado em julgado.""3. O acórdão recorrido expressamente reconheceu que a execução não teria sido extinta, pois não teria havido nem a expedição do requisitório. Nesses casos, deve-se aplicar o entendimento segundo o qual não há falar em preclusão, pois os juros de mora e a correção monetária são meros consectários da condenação, podendo ser revistos sem que isso configure ofensa à coisa julgada.4. Agravo interno a que se nega provimento.","Vistos e relatados estes autos em que são partes as acima indicadas, acordam os Ministros da PRIMEIRA TURMA do Superior Tribunal de Justiça, em Sessão Virtual de 19/08/2025 a 25/08/2025, por unanimidade, negar provimento ao recurso, nos termos do voto do Sr. Ministro Relator.Os Srs. Ministros Benedito Gonçalves, Sérgio Kukina, Regina Helena Costa e Gurgel de Faria votaram com o Sr. Ministro Relator.Presidiu o julgamento o Sr. Ministro Sérgio Kukina."
